day,w_temp_4C,w_temp_6C,w_temp_8C,w_temp_10C,w_temp_12C,w_temp_14C,w_temp_16C,w_temp_18C,w_temp_20C
0,50.0,50.0,50.0,50.0,50.0,50.0,50.0,50.0,50.0
1,50.209989,50.387931,50.620879,50.860491,51.031935,51.070164,50.959564,50.744234,50.499664
2,50.420595,50.777962,51.247131,51.731284,52.078668,52.156237,51.93193,51.496181,51.00281
3,50.631818,51.170101,51.878782,52.612448,53.140318,53.258353,52.917193,52.255886,51.509453
4,50.843659,51.564354,52.515858,53.504054,54.217005,54.376648,53.915452,53.023395,52.019606
5,51.05612,51.960727,53.158386,54.406173,55.308852,55.511254,54.926802,53.798752,52.533283
6,51.269201,52.359227,53.806392,55.318873,56.415977,56.662307,55.951342,54.582004,53.050499
7,51.482904,52.75986,54.459904,56.242226,57.538504,57.829943,56.98917,55.373196,53.571265
8,51.69723,53.162634,55.118947,57.176302,58.676553,59.014295,58.040382,56.172374,54.095598
9,51.912179,53.567553,55.783549,58.121172,59.830245,60.215501,59.105076,56.979584,54.62351
10,52.127753,53.974626,56.453735,59.076907,60.999703,61.433696,60.183352,57.794871,55.155016
11,52.343952,54.383858,57.129533,60.043578,62.185049,62.669016,61.275306,58.618282,55.690129
12,52.560779,54.795256,57.810969,61.021255,63.386405,63.921597,62.381038,59.449862,56.228864
13,52.778233,55.208826,58.498071,62.01001,64.603894,65.191577,63.500646,60.289657,56.771234
14,52.996316,55.624576,59.190864,63.009914,65.837639,66.479092,64.634229,61.137714,57.317253
15,53.215028,56.042511,59.889376,64.021038,67.087762,67.784279,65.781886,61.99408,57.866935
16,53.434372,56.462638,60.593633,65.043454,68.354387,69.107276,66.943715,62.858799,58.420295
17,53.654347,56.884964,61.303663,66.077234,69.637637,70.448221,68.119817,63.731918,58.977346
18,53.874956,57.309495,62.019492,67.122449,70.937637,71.807252,69.31029,64.613484,59.538102
19,54.096198,57.736238,62.741147,68.179171,72.25451,73.184506,70.515235,65.503543,60.102577
20,54.318076,58.165199,63.468656,69.247472,73.58838,74.580124,71.73475,66.402142,60.670786
21,54.540589,58.596385,64.202044,70.327423,74.939372,75.994242,72.968937,67.309327,61.242742
22,54.76374,59.029802,64.94134,71.419098,76.30761,77.427001,74.217895,68.225145,61.81846
23,54.987529,59.465458,65.68657,72.522568,77.693219,78.87854,75.481725,69.149642,62.397953
24,55.211957,59.903358,66.437761,73.637906,79.096325,80.348998,76.760526,70.082865,62.981235
25,55.437025,60.34351,67.194941,74.765184,80.517053,81.838515,78.0544,71.024862,63.568322
26,55.662735,60.785919,67.958137,75.904475,81.955528,83.347232,79.363448,71.975678,64.159226
27,55.889087,61.230593,68.727375,77.055851,83.411876,84.875288,80.68777,72.935361,64.753962
28,56.116082,61.677537,69.502683,78.219386,84.886222,86.422825,82.027467,73.903958,65.352545
29,56.343722,62.12676,70.284089,79.395152,86.378694,87.989982,83.382642,74.881516,65.954987
30,56.572007,62.578266,71.071619,80.583221,87.889417,89.576902,84.753395,75.868082,66.561304
31,56.800938,63.032064,71.865301,81.783669,89.418519,91.183725,86.139828,76.863703,67.17151
32,57.030518,63.488159,72.665163,82.996566,90.966125,92.810593,87.542042,77.868426,67.785619
33,57.260745,63.946558,73.47123,84.221988,92.532364,94.457648,88.960141,78.882299,68.403644
34,57.491623,64.407267,74.283532,85.460007,94.117362,96.125032,90.394225,79.905369,69.025601
35,57.723151,64.870295,75.102095,86.710697,95.721247,97.812888,91.844398,80.937684,69.651503
36,57.955331,65.335646,75.926947,87.974131,97.344146,99.521358,93.310762,81.97929,70.281366
37,58.188163,65.803328,76.758116,89.250384,98.986188,101.250584,94.793418,83.030236,70.915202
38,58.42165,66.273347,77.595628,90.539529,100.6475,103.000711,96.292471,84.090569,71.553026
39,58.655791,66.74571,78.439511,91.84164,102.328212,104.77188,97.808023,85.160337,72.194853
40,58.890588,67.220424,79.289793,93.156791,104.028451,106.564237,99.340177,86.239587,72.840697
41,59.126042,67.697495,80.146502,94.485057,105.748346,108.377924,100.889036,87.328367,73.490572
42,59.362154,68.17693,81.009665,95.826511,107.488026,110.213085,102.454705,88.426726,74.144493
43,59.598925,68.658736,81.87931,97.181229,109.247621,112.069866,104.037285,89.534711,74.802474
44,59.836357,69.142919,82.755465,98.549284,111.027259,113.94841,105.636882,90.652369,75.464528
45,60.074449,69.629486,83.638157,99.930751,112.827071,115.848862,107.253598,91.779749,76.130672
46,60.313204,70.118443,84.527413,101.325706,114.647187,117.771368,108.887539,92.9169,76.800918
47,60.552622,70.609799,85.423263,102.734222,116.487735,119.716072,110.538808,94.063869,77.475281
48,60.792704,71.103558,86.325733,104.156375,118.348847,121.68312,112.207509,95.220704,78.153777
49,61.033452,71.599728,87.234852,105.592239,120.230653,123.672658,113.893748,96.387453,78.836418
50,61.274866,72.098315,88.150646,107.04189,122.133283,125.684831,115.597628,97.564166,79.52322
51,61.516947,72.599327,89.073145,108.505403,124.056869,127.719786,117.319255,98.75089,80.214197
52,61.759697,73.102769,90.002377,109.982854,126.001541,129.777669,119.058734,99.947673,80.909364
53,62.003117,73.60865,90.938368,111.474317,127.96743,131.858627,120.816169,101.154565,81.608734
54,62.247207,74.116974,91.881147,112.979869,129.954669,133.962807,122.591667,102.371614,82.312323
55,62.491969,74.62775,92.830742,114.499584,131.963388,136.090356,124.385331,103.598868,83.020145
56,62.737403,75.140983,93.787182,116.033539,133.99372,138.24142,126.197269,104.836376,83.732214
57,62.983512,75.656681,94.750493,117.58181,136.045796,140.416149,128.027586,106.084187,84.448545
58,63.230295,76.174851,95.720705,119.144472,138.119749,142.614689,129.876387,107.342349,85.169152
59,63.477754,76.695498,96.697846,120.721601,140.215712,144.837189,131.743779,108.610912,85.894051
60,63.72589,77.218631,97.681942,122.313274,142.333816,147.083796,133.629867,109.889924,86.623255
61,63.974704,77.744254,98.673024,123.919566,144.474195,149.35466,135.534759,111.179434,87.356779
62,64.224198,78.272377,99.671118,125.540554,146.636982,151.649929,137.458561,112.479491,88.094638
63,64.474371,78.803004,100.676254,127.176315,148.822309,153.969752,139.401379,113.790144,88.836845
64,64.725225,79.336143,101.688459,128.826925,151.030311,156.314277,141.363321,115.111443,89.583417
65,64.976762,79.871801,102.707762,130.492461,153.261121,158.683656,143.344492,116.443437,90.334367
66,65.228982,80.409984,103.734191,132.172999,155.514873,161.078036,145.345,117.786174,91.089711
67,65.481887,80.950699,104.767774,133.868616,157.791701,163.497568,147.364953,119.139704,91.849462
68,65.735476,81.493954,105.80854,135.579389,160.091739,165.942403,149.404458,120.504077,92.613635
69,65.989753,82.039754,106.856518,137.305395,162.415121,168.412689,151.463622,121.879341,93.382245
70,66.244717,82.588107,107.911734,139.046711,164.761982,170.908578,153.542553,123.265547,94.155307
71,66.500369,83.139019,108.974219,140.803414,167.132457,173.430221,155.641359,124.662743,94.932836
72,66.756711,83.692497,110.044001,142.575582,169.526681,175.977768,157.760148,126.07098,95.714845
73,67.013744,84.248549,111.121108,144.363293,171.944788,178.55137,159.899027,127.490306,96.501351
74,67.271469,84.80718,112.205568,146.166622,174.386915,181.151179,162.058106,128.920772,97.292366
75,67.529886,85.368398,113.297411,147.985649,176.853197,183.777347,164.237492,130.362428,98.087907
76,67.788998,85.932209,114.396664,149.820451,179.343769,186.430025,166.437295,131.815323,98.887988
77,68.048804,86.498621,115.503357,151.671105,181.858768,189.109365,168.657622,133.279506,99.692624
78,68.309306,87.06764,116.617518,153.537689,184.398329,191.81552,170.898583,134.755029,100.501829
79,68.570506,87.639273,117.739176,155.420282,186.96259,194.548641,173.160286,136.24194,101.315618
80,68.832403,88.213526,118.868359,157.318961,189.551685,197.308883,175.442841,137.74029,102.134007
81,69.095,88.790408,120.005097,159.233805,192.165753,200.096396,177.746357,139.250129,102.957009
82,69.358298,89.369924,121.149417,161.164892,194.804929,202.911335,180.070944,140.771507,103.78464
83,69.622296,89.952081,122.30135,163.1123,197.469351,205.753854,182.41671,142.304474,104.616915
84,69.886997,90.536886,123.460923,165.076107,200.159157,208.624104,184.783766,143.84908,105.453847
85,70.152402,91.124347,124.628165,167.056393,202.874483,211.522241,187.172221,145.405377,106.295453
86,70.418511,91.714469,125.803106,169.053235,205.615467,214.448417,189.582186,146.973413,107.141747
87,70.685325,92.307261,126.985774,171.066713,208.382247,217.402788,192.01377,148.553239,107.992744
88,70.952847,92.902728,128.176198,173.096905,211.174961,220.385507,194.467084,150.144906,108.848459
89,71.221076,93.500878,129.374407,175.143891,213.993747,223.396729,196.942238,151.748464,109.708907
90,71.490014,94.101717,130.580431,177.207748,216.838743,226.43661,199.439343,153.363965,110.574102
91,71.759661,94.705253,131.794297,179.288557,219.710088,229.505303,201.958509,154.991457,111.44406
92,72.03002,95.311492,133.016036,181.386396,222.60792,232.602964,204.499847,156.630993,112.318795
93,72.301091,95.920441,134.245676,183.501345,225.532379,235.729748,207.063468,158.282622,113.198322
94,72.572875,96.532107,135.483246,185.633483,228.483604,238.885812,209.649483,159.946396,114.082657
95,72.845373,97.146497,136.728776,187.78289,231.461733,242.07131,212.258003,161.622366,114.971814
96,73.118587,97.763618,137.982294,189.949644,234.466906,245.2864,214.88914,163.310581,115.865809
97,73.392516,98.383477,139.24383,192.133826,237.499263,248.531236,217.543005,165.011094,116.764656
98,73.667163,99.006081,140.513413,194.335516,240.558944,251.805976,220.21971,166.723954,117.66837
99,73.942529,99.631436,141.791072,196.554792,243.646087,255.110776,222.919367,168.449214,118.576966
100,74.218614,100.259551,143.076836,198.791736,246.760834,258.445792,225.642087,170.186924,119.49046
101,74.49542,100.89043,144.370735,201.046427,249.903325,261.811183,228.387982,171.937135,120.408866
102,74.772947,101.524082,145.672798,203.318945,253.073701,265.207105,231.157165,173.699899,121.3322
103,75.051197,102.160514,146.983054,205.609371,256.272101,268.633716,233.949748,175.475266,122.260476
104,75.330171,102.799732,148.301533,207.917784,259.498667,272.091173,236.765843,177.263288,123.19371
105,75.60987,103.441743,149.628264,210.244265,262.75354,275.579634,239.605563,179.064017,124.131916
106,75.890295,104.086555,150.963276,212.588895,266.03686,279.099257,242.46902,180.877503,125.07511
107,76.171447,104.734173,152.306599,214.951753,269.34877,282.6502,245.356328,182.703798,126.023307
108,76.453327,105.384606,153.658263,217.332921,272.689411,286.232623,248.267599,184.542954,126.976521
109,76.735936,106.037861,155.018296,219.732479,276.058924,289.846682,251.202947,186.395022,127.934769
110,77.019276,106.693943,156.386729,222.150508,279.457452,293.492538,254.162484,188.260054,128.898065
111,77.303346,107.352861,157.76359,224.587089,282.885136,297.17035,257.146325,190.138101,129.866425
112,77.58815,108.01462,159.14891,227.042304,286.342118,300.880275,260.154582,192.029215,130.839863
113,77.873687,108.679229,160.542718,229.516232,289.828542,304.622475,263.187369,193.933448,131.818394
114,78.159958,109.346694,161.945043,232.008955,293.344549,308.397108,266.2448,195.850851,132.802035
115,78.446965,110.017022,163.355916,234.520554,296.890282,312.204335,269.326989,197.781477,133.7908
116,78.734709,110.69022,164.775365,237.051111,300.465885,316.044315,272.434049,199.725377,134.784704
117,79.02319,111.366296,166.203421,239.600707,304.0715,319.917209,275.566096,201.682603,135.783762
118,79.312411,112.045255,167.640113,242.169424,307.707271,323.823176,278.723243,203.653208,136.78799
119,79.602372,112.727106,169.085472,244.757343,311.37334,327.762378,281.905604,205.637243,137.797403
120,79.893073,113.411854,170.539526,247.364545,315.069852,331.734976,285.113295,207.63476,138.812017
121,80.184517,114.099508,172.002306,249.991114,318.79695,335.74113,288.346429,209.645812,139.831845
122,80.476704,114.790074,173.473841,252.637129,322.554778,339.781001,291.605122,211.670451,140.856905
123,80.769635,115.48356,174.954161,255.302674,326.343481,343.854751,294.889489,213.708728,141.887211
124,81.063312,116.179971,176.443296,257.98783,330.163202,347.962542,298.199644,215.760697,142.922778
125,81.357735,116.879316,177.941277,260.692679,334.014086,352.104534,301.535703,217.826409,143.963621
126,81.652906,117.581601,179.448132,263.417305,337.896278,356.280891,304.897781,219.905917,145.009757
127,81.948825,118.286834,180.963892,266.161787,341.809922,360.491774,308.285994,221.999274,146.0612
128,82.245494,118.995021,182.488587,268.926211,345.755163,364.737345,311.700456,224.106532,147.117965
129,82.542914,119.706169,184.022247,271.710656,349.732146,369.017768,315.141284,226.227743,148.180069
130,82.841086,120.420286,185.564902,274.515207,353.741017,373.333204,318.608594,228.36296,149.247525
131,83.140011,121.137379,187.116581,277.339946,357.78192,377.683817,322.102501,230.512236,150.320351
132,83.439689,121.857454,188.677316,280.184955,361.855002,382.069769,325.623122,232.675624,151.398561
133,83.740123,122.58052,190.247135,283.050317,365.960409,386.491224,329.170573,234.853175,152.48217
134,84.041313,123.306582,191.82607,285.936115,370.098285,390.948346,332.744969,237.044944,153.571194
135,84.343261,124.035647,193.41415,288.842433,374.268778,395.441297,336.346429,239.250982,154.665648
136,84.645967,124.767724,195.011405,291.769352,378.472033,399.970243,339.975067,241.471343,155.765548
137,84.949432,125.502819,196.617866,294.716956,382.708197,404.535346,343.631001,243.706079,156.870909
138,85.253658,126.24094,198.233563,297.685329,386.977416,409.136771,347.314347,245.955244,157.981747
139,85.558646,126.982092,199.858526,300.674553,391.279838,413.774682,351.025223,248.218891,159.098077
140,85.864396,127.726284,201.492785,303.684713,395.615608,418.449244,354.763745,250.497072,160.219915
141,86.17091,128.473522,203.136371,306.71589,399.984875,423.160622,358.530031,252.789841,161.347276
142,86.478189,129.223814,204.789314,309.76817,404.387785,427.90898,362.324199,255.097251,162.480175
143,86.786235,129.977167,206.451644,312.841635,408.824485,432.694484,366.146364,257.419355,163.618628
144,87.095047,130.733587,208.123392,315.936369,413.295123,437.517299,369.996646,259.756207,164.762651
145,87.404627,131.493083,209.804587,319.052456,417.799847,442.37759,373.875161,262.10786,165.912259
146,87.714977,132.25566,211.495262,322.18998,422.338805,447.275524,377.782028,264.474366,167.067467
147,88.026097,133.021327,213.195445,325.349025,426.912145,452.211265,381.717364,266.85578,168.228292
148,88.337989,133.79009,214.905167,328.529674,431.520014,457.18498,385.681288,269.252156,169.394748
149,88.650653,134.561956,216.62446,331.732012,436.162561,462.196835,389.673917,271.663546,170.566852
150,88.964091,135.336933,218.353352,334.956123,440.839935,467.246997,393.69537,274.090004,171.744618
151,89.278303,136.115028,220.091876,338.202092,445.552284,472.335631,397.745766,276.531583,172.928063
152,89.593292,136.896248,221.840061,341.470002,450.299757,477.462906,401.825222,278.988338,174.117202
153,89.909057,137.6806,223.597938,344.759938,455.082503,482.628987,405.933857,281.460322,175.312051
154,90.225601,138.468091,225.365538,348.071984,459.900671,487.834041,410.071791,283.947589,176.512625
155,90.542923,139.258728,227.14289,351.406226,464.75441,493.078237,414.239142,286.450193,177.71894
156,90.861026,140.052519,228.930027,354.762747,469.64387,498.361741,418.436029,288.968187,178.931011
157,91.17991,140.849471,230.726978,358.141633,474.569201,503.684721,422.662571,291.501625,180.148855
158,91.499576,141.649591,232.533775,361.542968,479.530551,509.047345,426.918888,294.050562,181.372487
159,91.820026,142.452885,234.350448,364.966837,484.528071,514.449781,431.205099,296.615051,182.601922
160,92.141261,143.259362,236.177027,368.413325,489.561911,519.892197,435.521323,299.195146,183.837176
161,92.463281,144.069029,238.013544,371.882518,494.632221,525.374762,439.867679,301.790902,185.078266
162,92.786088,144.881892,239.860029,375.3745,499.739152,530.897643,444.244289,304.402372,186.325206
163,93.109683,145.697959,241.716513,378.889356,504.882853,536.46101,448.651271,307.029611,187.578012
164,93.434067,146.517237,243.583027,382.427173,510.063477,542.065031,453.088745,309.672672,188.836701
165,93.759241,147.339733,245.459603,385.988034,515.281172,547.709875,457.556832,312.331611,190.101287
166,94.085206,148.165455,247.346269,389.572027,520.536091,553.395713,462.055651,315.006481,191.371787
167,94.411963,148.994409,249.243059,393.179235,525.828385,559.122712,466.585324,317.697337,192.648216
168,94.739514,149.826603,251.150002,396.809746,531.158204,564.891043,471.145969,320.404234,193.93059
169,95.067859,150.662044,253.067129,400.463644,536.5257,570.700875,475.737709,323.127225,195.218925
170,95.397,151.50074,254.994473,404.141015,541.931025,576.552378,480.360664,325.866365,196.513237
171,95.726937,152.342697,256.932062,407.841945,547.374331,582.445723,485.014953,328.621708,197.813542
172,96.057673,153.187923,258.879929,411.56652,552.855768,588.381079,489.700699,331.39331,199.119854
173,96.389207,154.036425,260.838105,415.314827,558.37549,594.358617,494.418023,334.181225,200.432191
174,96.721541,154.88821,262.806621,419.08695,563.933649,600.378508,499.167044,336.985508,201.750568
175,97.054676,155.743285,264.785507,422.882977,569.530396,606.440922,503.947885,339.806212,203.075
176,97.388613,156.601659,266.774795,426.702994,575.165885,612.54603,508.760667,342.643394,204.405504
177,97.723354,157.463337,268.774517,430.547086,580.840267,618.694003,513.605512,345.497108,205.742096
178,98.058899,158.328328,270.784702,434.41534,586.553697,624.885014,518.482541,348.367408,207.084791
179,98.39525,159.196638,272.805383,438.307843,592.306325,631.119232,523.391875,351.25435,208.433605
180,98.732407,160.068275,274.836591,442.224682,598.098307,637.39683,528.333637,354.157989,209.788554
181,99.070372,160.943246,276.878356,446.165942,603.929794,643.717979,533.307948,357.078379,211.149655
182,99.409145,161.821558,278.930711,450.131711,609.80094,650.082851,538.31493,360.015576,212.516922
183,99.748729,162.703219,280.993686,454.122075,615.7119,656.49162,543.354707,362.969634,213.890372
184,100.089123,163.588235,283.067313,458.137121,621.662825,662.944456,548.427399,365.940609,215.270021
185,100.43033,164.476615,285.151623,462.176936,627.653871,669.441532,553.533129,368.928557,216.655885
186,100.77235,165.368365,287.246647,466.241607,633.685191,675.983021,558.67202,371.933531,218.04798
187,101.115184,166.263493,289.352418,470.331222,639.756939,682.569095,563.844194,374.955588,219.446321
188,101.458833,167.162006,291.468965,474.445866,645.869269,689.199929,569.049775,377.994783,220.850925
189,101.803299,168.063912,293.596321,478.585629,652.022336,695.875694,574.288884,381.05117,222.261807
190,102.148583,168.969216,295.734517,482.750596,658.216295,702.596564,579.561645,384.124807,223.678984
191,102.494686,169.877928,297.883585,486.940855,664.4513,709.362712,584.868181,387.215747,225.102472
192,102.841608,170.790054,300.043556,491.156494,670.727506,716.174313,590.208615,390.324047,226.532287
193,103.189352,171.705602,302.214461,495.3976,677.045067,723.03154,595.58307,393.449761,227.968444
194,103.537917,172.624578,304.396333,499.664261,683.40414,729.934566,600.99167,396.592946,229.41096
195,103.887306,173.546991,306.589202,503.956564,689.804879,736.883566,606.434538,399.753658,230.85985
196,104.237519,174.472847,308.7931,508.274598,696.247439,743.878715,611.911798,402.931951,232.315132
197,104.588557,175.402154,311.008059,512.61845,702.731977,750.920186,617.423573,406.127882,233.77682
198,104.940422,176.334919,313.234111,516.988207,709.258647,758.008154,622.969988,409.341505,235.244932
199,105.293114,177.27115,315.471287,521.383959,715.827607,765.142795,628.551165,412.572878,236.719482
200,105.646635,178.210853,317.719618,525.805792,722.439011,772.324282,634.167231,415.822056,238.200488
201,106.000986,179.154037,319.979137,530.253796,729.093016,779.552792,639.818307,419.089095,239.687964
202,106.356168,180.100708,322.249876,534.728058,735.789777,786.828499,645.50452,422.37405,241.181929
203,106.712182,181.050874,324.531865,539.228666,742.529453,794.151578,651.225992,425.676978,242.682396
204,107.06903,182.004543,326.825137,543.755709,749.312198,801.522206,656.982849,428.997934,244.189383
205,107.426711,182.961721,329.129723,548.309276,756.13817,808.940558,662.775215,432.336976,245.702907
206,107.785228,183.922416,331.445656,552.889454,763.007526,816.40681,668.603215,435.694158,247.222982
207,108.144582,184.886635,333.772967,557.496333,769.920422,823.921138,674.466974,439.069537,248.749625
208,108.504773,185.854386,336.111688,562.130001,776.877016,831.483718,680.366616,442.463169,250.282852
209,108.865803,186.825676,338.46185,566.790547,783.877465,839.094727,686.302267,445.875111,251.82268
210,109.227672,187.800513,340.823487,571.478059,790.921926,846.754341,692.274052,449.305418,253.369125
211,109.590383,188.778903,343.196629,576.192626,798.010557,854.462737,698.282096,452.754147,254.922202
212,109.953936,189.760855,345.581308,580.934338,805.143515,862.220092,704.326524,456.221354,256.481928
213,110.318332,190.746375,347.977558,585.703283,812.320959,870.026583,710.407462,459.707096,258.04832
214,110.683572,191.735472,350.385409,590.499551,819.543046,877.882387,716.525036,463.211429,259.621394
215,111.049658,192.728151,352.804893,595.32323,826.809935,885.78768,722.679371,466.73441,261.201165
216,111.41659,193.724422,355.236043,600.174409,834.121782,893.742642,728.870592,470.276095,262.78765
217,111.78437,194.724291,357.67889,605.053179,841.478748,901.747449,735.098826,473.836541,264.380865
218,112.152999,195.727766,360.133468,609.959629,848.880991,909.80228,741.364199,477.415803,265.980827
219,112.522478,196.734853,362.599807,614.893847,856.328668,917.907312,747.666837,481.01394,267.587552
220,112.892808,197.745561,365.07794,619.855923,863.82194,926.062723,754.006866,484.631008,269.201056
221,113.26399,198.759897,367.567899,624.845947,871.360964,934.268692,760.384413,488.267063,270.821356
222,113.636025,199.777869,370.069716,629.864009,878.9459,942.525397,766.799603,491.922162,272.448467
223,114.008914,200.799483,372.583424,634.910199,886.576908,950.833017,773.252563,495.596362,274.082407
224,114.382659,201.824747,375.109054,639.984605,894.254146,959.19173,779.743421,499.28972,275.723191
225,114.757261,202.853669,377.646639,645.087319,901.977773,967.601716,786.272302,503.002293,277.370835
226,115.132721,203.886256,380.196211,650.218429,909.74795,976.063154,792.839334,506.734137,279.025357
227,115.509039,204.922516,382.757803,655.378026,917.564837,984.576222,799.444643,510.48531,280.686772
228,115.886217,205.962455,385.331446,660.5662,925.428593,993.1411,806.088357,514.255869,282.355097
229,116.264257,207.006082,387.917173,665.783042,933.339377,1001.757967,812.770603,518.045871,284.030349
230,116.643158,208.053404,390.515016,671.02864,941.297351,1010.427005,819.491508,521.855372,285.712543
231,117.022923,209.104428,393.125008,676.303087,949.302675,1019.148391,826.251199,525.684431,287.401696
232,117.403553,210.159162,395.747181,681.606471,957.355509,1027.922306,833.049803,529.533104,289.097824
233,117.785048,211.217613,398.381567,686.938884,965.456013,1036.748931,839.88745,533.401449,290.800945
234,118.16741,212.279789,401.028199,692.300416,973.604349,1045.628445,846.764265,537.289522,292.511074
235,118.550639,213.345697,403.687109,697.691157,981.800677,1054.56103,853.680377,541.197382,294.228227
236,118.934738,214.415345,406.35833,703.111198,990.045158,1063.546865,860.635914,545.125085,295.952422
237,119.319707,215.48874,409.041894,708.560631,998.337953,1072.586131,867.631004,549.072688,297.683674
238,119.705547,216.56589,411.737834,714.039545,1006.679223,1081.67901,874.665774,553.040251,299.422
239,120.092259,217.646801,414.446182,719.548031,1015.06913,1090.825683,881.740354,557.027829,301.167417
240,120.479845,218.731483,417.166971,725.086181,1023.507836,1100.02633,888.854871,561.03548,302.919941
241,120.868305,219.819941,419.900233,730.654086,1031.995501,1109.281133,896.009454,565.063262,304.679589
242,121.257641,220.912185,422.646001,736.251836,1040.532289,1118.590274,903.204231,569.111233,306.446377
243,121.647854,222.00822,425.404307,741.879522,1049.118359,1127.953933,910.439331,573.179451,308.220321
244,122.038945,223.108055,428.175185,747.537236,1057.753876,1137.372294,917.714882,577.267972,310.001439
245,122.430915,224.211697,430.958666,753.22507,1066.439,1146.845538,925.031014,581.376854,311.789746
246,122.823765,225.319154,433.754784,758.943113,1075.173894,1156.373847,932.387855,585.506156,313.585259
247,123.217497,226.430433,436.563571,764.691459,1083.95872,1165.957404,939.785534,589.655936,315.387995
248,123.612111,227.545541,439.38506,770.470198,1092.793642,1175.59639,947.224181,593.82625,317.197971
249,124.007609,228.664487,442.219284,776.279422,1101.678821,1185.290989,954.703925,598.017158,319.015202
250,124.403991,229.787278,445.066275,782.119222,1110.614421,1195.041383,962.224894,602.228716,320.839706
251,124.801259,230.913921,447.926066,787.98969,1119.600605,1204.847755,969.787219,606.460983,322.671499
252,125.199415,232.044424,450.79869,793.890918,1128.637535,1214.710289,977.391029,610.714017,324.510597
253,125.598458,233.178794,453.68418,799.822998,1137.725375,1224.629166,985.036454,614.987876,326.357018
254,125.998391,234.317039,456.582568,805.786022,1146.864288,1234.604571,992.723622,619.282619,328.210778
255,126.399214,235.459167,459.493888,811.780081,1156.054437,1244.636687,1000.452665,623.598302,330.071893
256,126.800929,236.605185,462.418172,817.805267,1165.295987,1254.725697,1008.223712,627.934985,331.94038
257,127.203536,237.7551,465.355454,823.861673,1174.589101,1264.871786,1016.036893,632.292725,333.816257
258,127.607037,238.90892,468.305766,829.949391,1183.933943,1275.075138,1023.892338,636.671582,335.699538
259,128.011433,240.066654,471.26914,836.068513,1193.330676,1285.335936,1031.790177,641.071612,337.590242
260,128.416725,241.228307,474.245611,842.219131,1202.779466,1295.654364,1039.730541,645.492876,339.488385
261,128.822915,242.393888,477.235211,848.401338,1212.280475,1306.030607,1047.713561,649.93543,341.393983
262,129.230002,243.563405,480.237973,854.615226,1221.83387,1316.46485,1055.739366,654.399333,343.307054
263,129.637989,244.736865,483.25393,860.860888,1231.439813,1326.957277,1063.808087,658.884644,345.227613
264,130.046877,245.914275,486.283116,867.138415,1241.09847,1337.508072,1071.919855,663.391422,347.155678
265,130.456666,247.095643,489.325562,873.447902,1250.810005,1348.117422,1080.074802,667.919724,349.091265
266,130.867359,248.280977,492.381303,879.78944,1260.574584,1358.78551,1088.273057,672.46961,351.034392
267,131.278955,249.470285,495.450371,886.163122,1270.392372,1369.512523,1096.514751,677.041137,352.985074
268,131.691456,250.663573,498.5328,892.569041,1280.263533,1380.298645,1104.800017,681.634366,354.943329
269,132.104864,251.86085,501.628623,899.00729,1290.188232,1391.144062,1113.128985,686.249354,356.909173
270,132.519179,253.062123,504.737872,905.477963,1300.166636,1402.048959,1121.501786,690.88616,358.882623
271,132.934403,254.2674,507.860582,911.981151,1310.19891,1413.013524,1129.918552,695.544843,360.863696
272,133.350536,255.476689,510.996785,918.516948,1320.285219,1424.03794,1138.379414,700.225461,362.852408
273,133.76758,256.689996,514.146514,925.085447,1330.425729,1435.122396,1146.884505,704.928075,364.848778
274,134.185536,257.90733,517.309803,931.686741,1340.620607,1446.267076,1155.433955,709.652741,366.85282
275,134.604405,259.128698,520.486685,938.320925,1350.870017,1457.472167,1164.027896,714.39952,368.864553
276,135.024189,260.354107,523.677193,944.98809,1361.174127,1468.737856,1172.666461,719.168471,370.883992
277,135.444887,261.583567,526.881361,951.688331,1371.533103,1480.064329,1181.349781,723.959652,372.911155
278,135.866503,262.817083,530.099222,958.421741,1381.94711,1491.451774,1190.077989,728.773122,374.946059
279,136.289036,264.054664,533.33081,965.188413,1392.416316,1502.900376,1198.851216,733.608941,376.98872
280,136.712487,265.296318,536.576157,971.988442,1402.940888,1514.410324,1207.669596,738.467168,379.039155
281,137.136859,266.542051,539.835297,978.82192,1413.520991,1525.981804,1216.533259,743.347862,381.097382
282,137.562152,267.791873,543.108264,985.688942,1424.156793,1537.615005,1225.44234,748.251081,383.163417
283,137.988367,269.045789,546.39509,992.589602,1434.848461,1549.310112,1234.396969,753.176886,385.237276
284,138.415505,270.303809,549.69581,999.523993,1445.596163,1561.067315,1243.397281,758.125336,387.318977
285,138.843568,271.565939,553.010457,1006.492209,1456.400065,1572.8868,1252.443408,763.096489,389.408538
286,139.272556,272.832187,556.339065,1013.494344,1467.260334,1584.768757,1261.535483,768.090406,391.505973
287,139.702471,274.102561,559.681666,1020.530492,1478.177139,1596.713372,1270.673638,773.107146,393.611302
288,140.133314,275.377069,563.038294,1027.600748,1489.150647,1608.720834,1279.858007,778.146767,395.724539
289,140.565086,276.655718,566.408984,1034.705206,1500.181026,1620.791332,1289.088722,783.209331,397.845704
290,140.997789,277.938517,569.793768,1041.84396,1511.268444,1632.925054,1298.365918,788.294895,399.974811
291,141.431422,279.225471,573.192681,1049.017104,1522.413068,1645.122189,1307.689727,793.40352,402.111879
292,141.865988,280.516591,576.605755,1056.224732,1533.615067,1657.382925,1317.060284,798.535265,404.256925
293,142.301488,281.811882,580.033024,1063.46694,1544.87461,1669.707451,1326.47772,803.690191,406.409965
294,142.737923,283.111352,583.474523,1070.743822,1556.191864,1682.095957,1335.942171,808.868355,408.571015
295,143.175293,284.415011,586.930284,1078.055472,1567.566998,1694.548632,1345.45377,814.06982,410.740095
296,143.613601,285.722864,590.400342,1085.401984,1579.000181,1707.065664,1355.01265,819.294643,412.917219
297,144.052847,287.03492,593.884729,1092.783455,1590.491581,1719.647245,1364.618945,824.542885,415.102406
298,144.493032,288.351187,597.383481,1100.199978,1602.041368,1732.293562,1374.272791,829.814605,417.295672
299,144.934158,289.671671,600.89663,1107.651648,1613.64971,1745.004806,1383.97432,835.109865,419.497035
300,145.376225,290.996382,604.424211,1115.13856,1625.316777,1757.781167,1393.723666,840.428722,421.706511
301,145.819235,292.325326,607.966257,1122.66081,1637.042737,1770.622835,1403.520965,845.771238,423.924117
302,146.263189,293.658512,611.522802,1130.218492,1648.827761,1783.53,1413.36635,851.137473,426.149871
303,146.708088,294.995946,615.09388,1137.811701,1660.672017,1796.502852,1423.259957,856.527485,428.38379
304,147.153934,296.337638,618.679524,1145.440533,1672.575676,1809.541582,1433.201919,861.941336,430.62589
305,147.600727,297.683594,622.279769,1153.105082,1684.538907,1822.646381,1443.192371,867.379086,432.876189
306,148.048468,299.033822,625.894649,1160.805445,1696.56188,1835.817438,1453.231448,872.840794,435.134704
307,148.497159,300.38833,629.524197,1168.541716,1708.644764,1849.054946,1463.319285,878.326521,437.401452
308,148.946801,301.747126,633.168447,1176.31399,1720.787731,1862.359095,1473.456016,883.836327,439.67645
309,149.397395,303.110217,636.827433,1184.122364,1732.990949,1875.730076,1483.641778,889.370272,441.959715
310,149.848942,304.477611,640.50119,1191.966933,1745.25459,1889.16808,1493.876704,894.928417,444.251264
311,150.301444,305.849317,644.189751,1199.847793,1757.578825,1902.673299,1504.160931,900.510821,446.551115
312,150.7549,307.225341,647.89315,1207.765038,1769.963822,1916.245924,1514.494593,906.117546,448.859284
313,151.209314,308.605691,651.611421,1215.718766,1782.409754,1929.886148,1524.877825,911.748651,451.175789
314,151.664685,309.990376,655.344599,1223.709071,1794.916791,1943.594161,1535.310765,917.404197,453.500647
315,152.121015,311.379403,659.092717,1231.73605,1807.485104,1957.370156,1545.793546,923.084244,455.833876
316,152.578305,312.772779,662.855809,1239.799798,1820.114865,1971.214326,1556.326305,928.788854,458.175491
317,153.036556,314.170513,666.63391,1247.900412,1832.806243,1985.126861,1566.909177,934.518086,460.525511
318,153.49577,315.572612,670.427054,1256.037987,1845.559411,1999.107955,1577.542298,940.272001,462.883953
319,153.955947,316.979085,674.235275,1264.21262,1858.37454,2013.1578,1588.225805,946.05066,465.250833
320,154.417089,318.389938,678.058606,1272.424406,1871.251801,2027.276588,1598.959833,951.854123,467.62617
321,154.879197,319.805179,681.897083,1280.673443,1884.191367,2041.464513,1609.744519,957.682451,470.00998
322,155.342272,321.224817,685.750739,1288.959826,1897.193408,2055.721767,1620.579998,963.535705,472.40228
323,155.806314,322.64886,689.619608,1297.283651,1910.258097,2070.048544,1631.466407,969.413945,474.803088
324,156.271326,324.077314,693.503726,1305.645016,1923.385606,2084.445036,1642.403883,975.317232,477.212422
325,156.737309,325.510188,697.403125,1314.044016,1936.576107,2098.911437,1653.392561,981.245628,479.630297
326,157.204263,326.94749,701.317841,1322.480749,1949.829772,2113.44794,1664.432579,987.199193,482.056733
327,157.67219,328.389227,705.247908,1330.95531,1963.146773,2128.054739,1675.524073,993.177987,484.491745
328,158.141091,329.835407,709.193359,1339.467797,1976.527283,2142.732027,1686.667181,999.182073,486.935351
329,158.610967,331.286038,713.15423,1348.018306,1989.971475,2157.479999,1697.862038,1005.21151,489.387569
330,159.081819,332.741128,717.130555,1356.606933,2003.479521,2172.298848,1709.108781,1011.26636,491.848416
331,159.553648,334.200685,721.122367,1365.233777,2017.051595,2187.188768,1720.407549,1017.346684,494.317908
332,160.026456,335.664716,725.129703,1373.898933,2030.687868,2202.149954,1731.758477,1023.452543,496.796064
333,160.500244,337.133229,729.152595,1382.602499,2044.388514,2217.1826,1743.161704,1029.583998,499.282901
334,160.975013,338.606233,733.191078,1391.344572,2058.153706,2232.286901,1754.617367,1035.74111,501.778436
335,161.450763,340.083734,737.245187,1400.125248,2071.983618,2247.46305,1766.125602,1041.923941,504.282686
336,161.927497,341.565741,741.314956,1408.944625,2085.878423,2262.711244,1777.686547,1048.132552,506.795669
337,162.405215,343.052262,745.40042,1417.802801,2099.838294,2278.031676,1789.300341,1054.367003,509.317402
338,162.883919,344.543304,749.501613,1426.699872,2113.863405,2293.424542,1800.96712,1060.627357,511.847903
339,163.363609,346.038876,753.61857,1435.635936,2127.95393,2308.890036,1812.687023,1066.913674,514.387189
340,163.844287,347.538985,757.751325,1444.61109,2142.110043,2324.428355,1824.460187,1073.226017,516.935277
341,164.325954,349.043638,761.899913,1453.625432,2156.331917,2340.039694,1836.286751,1079.564446,519.492184
342,164.808611,350.552845,766.064368,1462.679059,2170.619727,2355.724247,1848.166851,1085.929022,522.057929
343,165.292259,352.066612,770.244726,1471.772069,2184.973647,2371.482212,1860.100627,1092.319809,524.632528
344,165.7769,353.584948,774.44102,1480.904559,2199.393851,2387.313782,1872.088217,1098.736866,527.216
345,166.262535,355.10786,778.653285,1490.076627,2213.880514,2403.219156,1884.129759,1105.180255,529.80836
346,166.749164,356.635357,782.881557,1499.288371,2228.43381,2419.198528,1896.225391,1111.650039,532.409628
347,167.23679,358.167445,787.125869,1508.539889,2243.053914,2435.252095,1908.375251,1118.146278,535.019819
348,167.725412,359.704134,791.386256,1517.831279,2257.741001,2451.380053,1920.579479,1124.669035,537.638953
349,168.215033,361.245431,795.662753,1527.162638,2272.495245,2467.582598,1932.838213,1131.21837,540.267045
350,168.705653,362.791343,799.955395,1536.534064,2287.316822,2483.859928,1945.151592,1137.794347,542.904115
351,169.197274,364.34188,804.264217,1545.945657,2302.205906,2500.212238,1957.519754,1144.397026,545.550178
352,169.689896,365.897047,808.589253,1555.397513,2317.162673,2516.639726,1969.942839,1151.02647,548.205253
353,170.183521,367.456855,812.930538,1564.88973,2332.187299,2533.142589,1982.420985,1157.682739,550.869358
354,170.678151,369.021309,817.288107,1574.422408,2347.279958,2549.721023,1994.954332,1164.365897,553.542509
355,171.173786,370.590419,821.661994,1583.995645,2362.440826,2566.375226,2007.543018,1171.076005,556.224724
356,171.670427,372.164192,826.052235,1593.609538,2377.67008,2583.105396,2020.187184,1177.813125,558.916021
357,172.168076,373.742636,830.458865,1603.264186,2392.967894,2599.911729,2032.886967,1184.577319,561.616417
358,172.666733,375.325759,834.881918,1612.959689,2408.334445,2616.794424,2045.642509,1191.368649,564.32593
359,173.166401,376.913569,839.321429,1622.696143,2423.769908,2633.753677,2058.453948,1198.187177,567.044577
360,173.66708,378.506074,843.777433,1632.473648,2439.274461,2650.789688,2071.321424,1205.032965,569.772376
361,174.16877,380.103282,848.249965,1642.292303,2454.848278,2667.902654,2084.245076,1211.906075,572.509345
362,174.671475,381.7052,852.73906,1652.152206,2470.491537,2685.092772,2097.225045,1218.80657,575.255501
363,175.175194,383.311836,857.244753,1662.053456,2486.204413,2702.360242,2110.26147,1225.734512,578.010861
364,175.679928,384.9232,861.76708,1671.996152,2501.987084,2719.705262,2123.354492,1232.689962,580.775444
365,176.18568,386.539297,866.306074,1681.980392,2517.839726,2737.128029,2136.504249,1239.672984,583.549267
366,176.69245,388.160137,870.861771,1692.006277,2533.762517,2754.628744,2149.710884,1246.683639,586.332347
367,177.200239,389.785728,875.434206,1702.073904,2549.755632,2772.207604,2162.974534,1253.72199,589.124702
368,177.709048,391.416076,880.023414,1712.183372,2565.819248,2789.864808,2176.295342,1260.788099,591.92635
369,178.218879,393.051191,884.629431,1722.334782,2581.953544,2807.600556,2189.673447,1267.882029,594.737308
370,178.729733,394.69108,889.252291,1732.528231,2598.158696,2825.415046,2203.10899,1275.003842,597.557594
371,179.241611,396.335751,893.892029,1742.76382,2614.434882,2843.308478,2216.602111,1282.1536,600.387226
372,179.754514,397.985212,898.548681,1753.041648,2630.782279,2861.281051,2230.152951,1289.331366,603.226221
373,180.268444,399.639471,903.222281,1763.361813,2647.201064,2879.332964,2243.761651,1296.537203,606.074597
374,180.7834,401.298536,907.912866,1773.724416,2663.691416,2897.464418,2257.428352,1303.771173,608.932372
375,181.299386,402.962415,912.62047,1784.129556,2680.253512,2915.675612,2271.153194,1311.033339,611.799563
376,181.816401,404.631116,917.345127,1794.577332,2696.88753,2933.966746,2284.936318,1318.323764,614.676189
377,182.334447,406.304647,922.086875,1805.067844,2713.593648,2952.33802,2298.777866,1325.642509,617.562265
378,182.853526,407.983016,926.845747,1815.601192,2730.372045,2970.789633,2312.677979,1332.989639,620.457812
379,183.373637,409.66623,931.621779,1826.177475,2747.222897,2989.321787,2326.636798,1340.365215,623.362845
380,183.894784,411.354298,936.415007,1836.796793,2764.146385,3007.934681,2340.654464,1347.769301,626.277384
381,184.416966,413.047229,941.225465,1847.459246,2781.142685,3026.628517,2354.731118,1355.201958,629.201445
382,184.940185,414.745028,946.053189,1858.164934,2798.211978,3045.403494,2368.866903,1362.663251,632.135047
383,185.464442,416.447706,950.898215,1868.913957,2815.354441,3064.259814,2383.061959,1370.153242,635.078206
384,185.989738,418.155269,955.760577,1879.706415,2832.570253,3083.197677,2397.316429,1377.671994,638.030942
385,186.516074,419.867726,960.640311,1890.542407,2849.859593,3102.217285,2411.630454,1385.21957,640.993271
386,187.043452,421.585085,965.537452,1901.422034,2867.222641,3121.318837,2426.004176,1392.796033,643.965212
387,187.571873,423.307354,970.452037,1912.345397,2884.659574,3140.502537,2440.437737,1400.401446,646.946782
388,188.101338,425.03454,975.384099,1923.312594,2902.170573,3159.768585,2454.931279,1408.035871,649.937999
389,188.631848,426.766653,980.333676,1934.323728,2919.755817,3179.117182,2469.484944,1415.699373,652.938881
390,189.163404,428.503699,985.300801,1945.378897,2937.415485,3198.54853,2484.098874,1423.392014,655.949445
391,189.696007,430.245687,990.285511,1956.478203,2955.149757,3218.062831,2498.773212,1431.113858,658.96971
392,190.22966,431.992624,995.287841,1967.621745,2972.958812,3237.660287,2513.508099,1438.864967,661.999693
393,190.764362,433.74452,1000.307827,1978.809625,2990.842831,3257.341099,2528.303678,1446.645405,665.039412
394,191.300115,435.501381,1005.345504,1990.041942,3008.801992,3277.10547,2543.160092,1454.455235,668.088886
395,191.83692,437.263217,1010.400908,2001.318798,3026.836476,3296.953603,2558.077484,1462.294521,671.148131
396,192.374778,439.030034,1015.474074,2012.640293,3044.946464,3316.885698,2573.055995,1470.163325,674.217166
397,192.913691,440.801841,1020.565038,2024.006529,3063.132134,3336.90196,2588.095769,1478.061712,677.296008
398,193.45366,442.578647,1025.673836,2035.417604,3081.393669,3357.002589,2603.196949,1485.989744,680.384676
399,193.994686,444.360458,1030.800502,2046.873622,3099.731247,3377.18779,2618.359677,1493.947486,683.483187
400,194.53677,446.147283,1035.945074,2058.374682,3118.145049,3397.457765,2633.584097,1501.934999,686.591559
